{
  "project_info": {
    "project_number": "853677536037",
    "firebase_url": "https://iasross-1557323488021.firebaseio.com",
    "project_id": "iasross-1557323488021",
    "storage_bucket": "iasross-1557323488021.appspot.com"
  },
  "client": [
    {
      "client_info": {
        "mobilesdk_app_id": "1:853677536037:android:8fd3928f27684129",
        "android_client_info": {
          "package_name": "com.mindiii.lasross"
        }
      },
      "oauth_client": [
        {
          "client_id": "853677536037-9rgk14sj4jm0vsk06cnbh3h0lcq1jldi.apps.googleusercontent.com",
          "client_type": 1,
          "android_info": {
            "package_name": "com.mindiii.lasross",
            "certificate_hash": "d0d2262f7789cf009aab92d1fa85e4cc897b541d"
          }
        },
        {
          "client_id": "853677536037-novql9q1iho8r7j3c72fruksfadi40f3.apps.googleusercontent.com",
          "client_type": 3
        }
      ],
      "api_key": [
        {
          "current_key": "AIzaSyCOZ5JXW3KMeE6W2aPOplwwDt8KwI533dY"
        }
      ],
      "services": {
        "appinvite_service": {
          "other_platform_oauth_client": [
            {
              "client_id": "853677536037-novql9q1iho8r7j3c72fruksfadi40f3.apps.googleusercontent.com",
              "client_type": 3
            }
          ]
        }
      }
    }
  ],
  "configuration_version": "1"
}